{"cameraMode":{"drawMode":0,"name":"Shaded","section":"Shading Mode"},"sceneLighting":true,"audioPlay":false,"sceneViewState":{"m_AlwaysRefresh":false,"showFog":true,"showSkybox":true,"showFlares":true,"showImageEffects":true,"showParticleSystems":true,"showVisualEffectGraphs":true,"m_FxEnabled":true},"in2DMode":false,"pivot":{"x":3.730886459350586,"y":19.019149780273439,"z":12.035544395446778},"rotation":{"x":-0.08855311572551727,"y":0.8801552057266235,"z":-0.17964686453342439,"w":-0.4309166371822357},"size":0.7477402091026306,"orthographic":false}