{"cameraMode":{"drawMode":0,"name":"Shaded","section":"Shading Mode"},"sceneLighting":true,"audioPlay":false,"sceneViewState":{"m_AlwaysRefresh":false,"showFog":true,"showSkybox":true,"showFlares":true,"showImageEffects":true,"showParticleSystems":true,"showVisualEffectGraphs":true,"m_FxEnabled":true},"in2DMode":false,"pivot":{"x":10.749958038330079,"y":17.880136489868165,"z":14.600440979003907},"rotation":{"x":-0.06151049584150314,"y":0.9151775240898132,"z":-0.3678630590438843,"w":-0.15294697880744935},"size":0.008207733742892743,"orthographic":false}